ALTER TABLE rightsflow.lov_object
    ALTER COLUMN table_name TYPE character varying(512) COLLATE pg_catalog."default";

-- LOV_OBJECT
INSERT INTO LOV_OBJECT (ID, NAME, TABLE_NAME, WHERE_FILTER, SVC_ID)
VALUES (1, 'Язык субтитров', '(select t.id, p.name, t.id_feature_category from SYNC__KLF_FEATURE_PLAIN p join SYNC__KLF_FEATURE_TREE t on t.id_feature_plain = p.id)', 'ID_FEATURE_CATEGORY=6', 1)
ON CONFLICT (ID) DO NOTHING;

INSERT INTO LOV_OBJECT (ID, NAME, TABLE_NAME, WHERE_FILTER, SVC_ID)
VALUES (2, 'Способ использования', 'SYNC__KLF_RIGHT_TYPE', null, 1)
ON CONFLICT (ID) DO NOTHING;

INSERT INTO LOV_OBJECT (ID, NAME, TABLE_NAME, WHERE_FILTER, SVC_ID)
VALUES (3, 'Объект интеллектуальной собственности (ОИС)', 'KLF_OIP', null, 0)
ON CONFLICT (ID) DO NOTHING;

INSERT INTO LOV_OBJECT (ID, NAME, TABLE_NAME, WHERE_FILTER, SVC_ID)
VALUES (4, 'Качество контента', '(select t.id, p.name, t.id_feature_category from SYNC__KLF_FEATURE_PLAIN p join SYNC__KLF_FEATURE_TREE t on t.id_feature_plain = p.id)', 'ID_FEATURE_CATEGORY=7', 1)
ON CONFLICT (ID) DO NOTHING;

INSERT INTO LOV_OBJECT (ID, NAME, TABLE_NAME, WHERE_FILTER, SVC_ID)
VALUES (5, 'Профиль технического повтора', '(select t.id, p.name, t.id_feature_category from SYNC__KLF_FEATURE_PLAIN p join SYNC__KLF_FEATURE_TREE t on t.id_feature_plain = p.id)', 'ID_FEATURE_CATEGORY=8', 1)
ON CONFLICT (ID) DO NOTHING;

INSERT INTO LOV_OBJECT (ID, NAME, TABLE_NAME, WHERE_FILTER, SVC_ID)
VALUES (6, 'Канал дистрибуции', '(select t.id, p.name, t.id_feature_category from SYNC__KLF_FEATURE_PLAIN p join SYNC__KLF_FEATURE_TREE t on t.id_feature_plain = p.id)', 'ID_FEATURE_CATEGORY=9', 1)
ON CONFLICT (ID) DO NOTHING;

INSERT INTO LOV_OBJECT (ID, NAME, TABLE_NAME, WHERE_FILTER, SVC_ID)
VALUES (7, 'Страна производства товара', '(select t.id, p.name, t.id_feature_category from SYNC__KLF_FEATURE_PLAIN p join SYNC__KLF_FEATURE_TREE t on t.id_feature_plain = p.id)', 'ID_FEATURE_CATEGORY=10', 1)
ON CONFLICT (ID) DO NOTHING;

INSERT INTO LOV_OBJECT (ID, NAME, TABLE_NAME, WHERE_FILTER, SVC_ID)
VALUES (8, 'Валюта', 'LOV_CURRENCY', null, 1)
ON CONFLICT (ID) DO NOTHING;

INSERT INTO LOV_OBJECT (ID, NAME, TABLE_NAME, WHERE_FILTER, SVC_ID)
VALUES (9, 'Периодичность', '(select t.id, p.name, t.id_feature_category from SYNC__KLF_FEATURE_PLAIN p join SYNC__KLF_FEATURE_TREE t on t.id_feature_plain = p.id)', 'ID_FEATURE_CATEGORY=11', 1)
ON CONFLICT (ID) DO NOTHING;

INSERT INTO LOV_OBJECT (ID, NAME, TABLE_NAME, WHERE_FILTER, SVC_ID)
VALUES (10, 'Возрастной маркер', '(select t.id, p.name, t.id_feature_category from KLF_FEATURE_PLAIN p join KLF_FEATURE_TREE t on t.id_feature_plain = p.id)', 'ID_FEATURE_CATEGORY=12', 0)
ON CONFLICT (ID) DO NOTHING;

INSERT INTO LOV_OBJECT (ID, NAME, TABLE_NAME, WHERE_FILTER, SVC_ID)
VALUES (11, 'Страна производства', '(select t.id, p.name, t.id_feature_category from KLF_FEATURE_PLAIN p join KLF_FEATURE_TREE t on t.id_feature_plain = p.id)', 'ID_FEATURE_CATEGORY=13', 0)
ON CONFLICT (ID) DO NOTHING;

INSERT INTO LOV_OBJECT (ID, NAME, TABLE_NAME, WHERE_FILTER, SVC_ID)
VALUES (12, 'Жанр', '(select t.id, p.name, t.id_feature_category from KLF_FEATURE_PLAIN p join KLF_FEATURE_TREE t on t.id_feature_plain = p.id)', 'ID_FEATURE_CATEGORY=14', 0)
ON CONFLICT (ID) DO NOTHING;

INSERT INTO LOV_OBJECT (ID, NAME, TABLE_NAME, WHERE_FILTER, SVC_ID)
VALUES (13, 'Режиссёр', '(select t.id, p.name, t.id_feature_category from KLF_FEATURE_PLAIN p join KLF_FEATURE_TREE t on t.id_feature_plain = p.id)', 'ID_FEATURE_CATEGORY=15', 0)
ON CONFLICT (ID) DO NOTHING;

INSERT INTO LOV_OBJECT (ID, NAME, TABLE_NAME, WHERE_FILTER, SVC_ID)
VALUES (14, 'Сценарист', '(select t.id, p.name, t.id_feature_category from KLF_FEATURE_PLAIN p join KLF_FEATURE_TREE t on t.id_feature_plain = p.id)', 'ID_FEATURE_CATEGORY=16', 0)
ON CONFLICT (ID) DO NOTHING;

INSERT INTO LOV_OBJECT (ID, NAME, TABLE_NAME, WHERE_FILTER, SVC_ID)
VALUES (15, 'Продюсер', '(select t.id, p.name, t.id_feature_category from KLF_FEATURE_PLAIN p join KLF_FEATURE_TREE t on t.id_feature_plain = p.id)', 'ID_FEATURE_CATEGORY=17', 0)
ON CONFLICT (ID) DO NOTHING;

INSERT INTO LOV_OBJECT (ID, NAME, TABLE_NAME, WHERE_FILTER, SVC_ID)
VALUES (16, 'Актёр', '(select t.id, p.name, t.id_feature_category from KLF_FEATURE_PLAIN p join KLF_FEATURE_TREE t on t.id_feature_plain = p.id)', 'ID_FEATURE_CATEGORY=18', 0)
ON CONFLICT (ID) DO NOTHING;

INSERT INTO LOV_OBJECT (ID, NAME, TABLE_NAME, WHERE_FILTER, SVC_ID)
VALUES (17, 'Студия производитель', '(select t.id, p.name, t.id_feature_category from KLF_FEATURE_PLAIN p join KLF_FEATURE_TREE t on t.id_feature_plain = p.id)', 'ID_FEATURE_CATEGORY=19', 0)
ON CONFLICT (ID) DO NOTHING;

INSERT INTO LOV_OBJECT (ID, NAME, TABLE_NAME, WHERE_FILTER, SVC_ID)
VALUES (18, 'Язык озвучки', '(select t.id, p.name, t.id_feature_category from SYNC__KLF_FEATURE_PLAIN p join SYNC__KLF_FEATURE_TREE t on t.id_feature_plain = p.id)', 'ID_FEATURE_CATEGORY=1', 1)
ON CONFLICT (ID) DO NOTHING;

INSERT INTO LOV_OBJECT (ID, NAME, TABLE_NAME, WHERE_FILTER, SVC_ID)
VALUES (19, 'Язык использования', '(select t.id, p.name, t.id_feature_category from SYNC__KLF_FEATURE_PLAIN p join SYNC__KLF_FEATURE_TREE t on t.id_feature_plain = p.id)', 'ID_FEATURE_CATEGORY=2', 1)
ON CONFLICT (ID) DO NOTHING;
-----------------------------------------------------------------------------
-- LOV_PGE_PROP_TYPE
INSERT INTO LOV_PGE_PROP_TYPE (ID, NAME, ID_OBJ, USE_MULTI_SELECT)
VALUES (1, 'Булево', null, false)
ON CONFLICT (ID) DO NOTHING;

INSERT INTO LOV_PGE_PROP_TYPE (ID, NAME, ID_OBJ, USE_MULTI_SELECT)
VALUES (2, 'Строка', null, false)
ON CONFLICT (ID) DO NOTHING;

INSERT INTO LOV_PGE_PROP_TYPE (ID, NAME, ID_OBJ, USE_MULTI_SELECT)
VALUES (3, 'Целое число', null, false)
ON CONFLICT (ID) DO NOTHING;

INSERT INTO LOV_PGE_PROP_TYPE (ID, NAME, ID_OBJ, USE_MULTI_SELECT)
VALUES (4, 'Дробное число', null, false)
ON CONFLICT (ID) DO NOTHING;

INSERT INTO LOV_PGE_PROP_TYPE (ID, NAME, ID_OBJ, USE_MULTI_SELECT)
VALUES (5, 'Дата', null, false)
ON CONFLICT (ID) DO NOTHING;

INSERT INTO LOV_PGE_PROP_TYPE (ID, NAME, ID_OBJ, USE_MULTI_SELECT)
VALUES (6, 'Дата и время', null, false)
ON CONFLICT (ID) DO NOTHING;

INSERT INTO LOV_PGE_PROP_TYPE (ID, NAME, ID_OBJ, USE_MULTI_SELECT)
VALUES (7, 'Справочник "Язык субтитров"', 1, true)
ON CONFLICT (ID) DO NOTHING;

INSERT INTO LOV_PGE_PROP_TYPE (ID, NAME, ID_OBJ, USE_MULTI_SELECT)
VALUES (8, 'Справочник "Язык озвучки"', 18, true)
ON CONFLICT (ID) DO NOTHING;

INSERT INTO LOV_PGE_PROP_TYPE (ID, NAME, ID_OBJ, USE_MULTI_SELECT)
VALUES (9, 'Справочник "Качество контента"', 4, true)
ON CONFLICT (ID) DO NOTHING;

INSERT INTO LOV_PGE_PROP_TYPE (ID, NAME, ID_OBJ, USE_MULTI_SELECT)
VALUES (10, 'Справочник "Профиль технического повтора"', 5, true)
ON CONFLICT (ID) DO NOTHING;

INSERT INTO LOV_PGE_PROP_TYPE (ID, NAME, ID_OBJ, USE_MULTI_SELECT)
VALUES (11, 'Справочник "Канал дистрибуции"', 6, true)
ON CONFLICT (ID) DO NOTHING;

INSERT INTO LOV_PGE_PROP_TYPE (ID, NAME, ID_OBJ, USE_MULTI_SELECT)
VALUES (12, 'Справочник "Страна производства товара"', 7, true)
ON CONFLICT (ID) DO NOTHING;

INSERT INTO LOV_PGE_PROP_TYPE (ID, NAME, ID_OBJ, USE_MULTI_SELECT)
VALUES (13, 'Справочник "Валюта"', 8, false)
ON CONFLICT (ID) DO NOTHING;

INSERT INTO LOV_PGE_PROP_TYPE (ID, NAME, ID_OBJ, USE_MULTI_SELECT)
VALUES (14, 'Справочник "Периодичность"', 9, false)
ON CONFLICT (ID) DO NOTHING;

INSERT INTO LOV_PGE_PROP_TYPE (ID, NAME, ID_OBJ, USE_MULTI_SELECT)
VALUES (15, 'Справочник "Возрастной маркер"', 10, false)
ON CONFLICT (ID) DO NOTHING;

INSERT INTO LOV_PGE_PROP_TYPE (ID, NAME, ID_OBJ, USE_MULTI_SELECT)
VALUES (16, 'Справочник "Страна производства"', 11, true)
ON CONFLICT (ID) DO NOTHING;

INSERT INTO LOV_PGE_PROP_TYPE (ID, NAME, ID_OBJ, USE_MULTI_SELECT)
VALUES (17, 'Справочник "Жанр"', 12, true)
ON CONFLICT (ID) DO NOTHING;

INSERT INTO LOV_PGE_PROP_TYPE (ID, NAME, ID_OBJ, USE_MULTI_SELECT)
VALUES (18, 'Справочник "Режиссёр"', 13, true)
ON CONFLICT (ID) DO NOTHING;

INSERT INTO LOV_PGE_PROP_TYPE (ID, NAME, ID_OBJ, USE_MULTI_SELECT)
VALUES (19, 'Справочник "Сценарист"', 14, true)
ON CONFLICT (ID) DO NOTHING;

INSERT INTO LOV_PGE_PROP_TYPE (ID, NAME, ID_OBJ, USE_MULTI_SELECT)
VALUES (20, 'Справочник "Продюсер"', 15, true)
ON CONFLICT (ID) DO NOTHING;

INSERT INTO LOV_PGE_PROP_TYPE (ID, NAME, ID_OBJ, USE_MULTI_SELECT)
VALUES (21, 'Справочник "Актёр"', 16, true)
ON CONFLICT (ID) DO NOTHING;

INSERT INTO LOV_PGE_PROP_TYPE (ID, NAME, ID_OBJ, USE_MULTI_SELECT)
VALUES (22, 'Справочник "Студия производитель"', 17, true)
ON CONFLICT (ID) DO NOTHING;

INSERT INTO LOV_PGE_PROP_TYPE (ID, NAME, ID_OBJ, USE_MULTI_SELECT)
VALUES (23, 'Справочник "Язык использования"', 19, true)
ON CONFLICT (ID) DO NOTHING;

---------------------------------------------------------------------------------------
-- LOV_PGE_PROPERTY
INSERT INTO LOV_PGE_PROPERTY (ID, NAME, ID_PROP_TYPE, CODE)
VALUES (1, 'Язык субтитров', 7, 'subtitleLanguage')
ON CONFLICT (ID) DO NOTHING;

INSERT INTO LOV_PGE_PROPERTY (ID, NAME, ID_PROP_TYPE, CODE)
VALUES (2, 'Язык озвучки', 8, 'voiceLanguage')
ON CONFLICT (ID) DO NOTHING;

INSERT INTO LOV_PGE_PROPERTY (ID, NAME, ID_PROP_TYPE, CODE)
VALUES (3, 'Качество контента', 9, 'contentQuality')
ON CONFLICT (ID) DO NOTHING;

INSERT INTO LOV_PGE_PROPERTY (ID, NAME, ID_PROP_TYPE, CODE)
VALUES (4, 'Показы', 3, 'shows')
ON CONFLICT (ID) DO NOTHING;

INSERT INTO LOV_PGE_PROPERTY (ID, NAME, ID_PROP_TYPE, CODE)
VALUES (5, 'Профиль технического повтора', 10, 'techReplyProfile')
ON CONFLICT (ID) DO NOTHING;

INSERT INTO LOV_PGE_PROPERTY (ID, NAME, ID_PROP_TYPE, CODE)
VALUES (6, 'Catch-Up', 1, 'catchUp')
ON CONFLICT (ID) DO NOTHING;

INSERT INTO LOV_PGE_PROPERTY (ID, NAME, ID_PROP_TYPE, CODE)
VALUES (7, 'Количество (catch-up)', 3, 'quantityCatchUp')
ON CONFLICT (ID) DO NOTHING;

INSERT INTO LOV_PGE_PROPERTY (ID, NAME, ID_PROP_TYPE, CODE)
VALUES (8, 'Catch-Forward', 1, 'catchForward')
ON CONFLICT (ID) DO NOTHING;

INSERT INTO LOV_PGE_PROPERTY (ID, NAME, ID_PROP_TYPE, CODE)
VALUES (9, 'Количество (catch-forward)', 3, 'quantityCatchForward')
ON CONFLICT (ID) DO NOTHING;

INSERT INTO LOV_PGE_PROPERTY (ID, NAME, ID_PROP_TYPE, CODE)
VALUES (10, 'Каналы дистрибуции', 11, 'distributionChannel')
ON CONFLICT (ID) DO NOTHING;

INSERT INTO LOV_PGE_PROPERTY (ID, NAME, ID_PROP_TYPE, CODE)
VALUES (11, 'Плановая дата продаж', 5, 'plannedSalesDate')
ON CONFLICT (ID) DO NOTHING;

INSERT INTO LOV_PGE_PROPERTY (ID, NAME, ID_PROP_TYPE, CODE)
VALUES (12, 'Sell-Off (с)', 5, 'sellOfFrom')
ON CONFLICT (ID) DO NOTHING;

INSERT INTO LOV_PGE_PROPERTY (ID, NAME, ID_PROP_TYPE, CODE)
VALUES (13, 'Sell-Off (по)', 5, 'sellOfTo')
ON CONFLICT (ID) DO NOTHING;

INSERT INTO LOV_PGE_PROPERTY (ID, NAME, ID_PROP_TYPE, CODE)
VALUES (14, 'Количество образцов', 3, 'quantityOfSamples')
ON CONFLICT (ID) DO NOTHING;

INSERT INTO LOV_PGE_PROPERTY (ID, NAME, ID_PROP_TYPE, CODE)
VALUES (15, 'Страны производства товаров', 12, 'goodsOriginCountry')
ON CONFLICT (ID) DO NOTHING;

INSERT INTO LOV_PGE_PROPERTY (ID, NAME, ID_PROP_TYPE, CODE)
VALUES (16, 'Разрешённый язык использования', 23, 'allowedUseLanguage')
ON CONFLICT (ID) DO NOTHING;

INSERT INTO LOV_PGE_PROPERTY (ID, NAME, ID_PROP_TYPE, CODE)
VALUES (17, 'Фиксированная оплата', 4, 'fixedPayment')
ON CONFLICT (ID) DO NOTHING;

INSERT INTO LOV_PGE_PROPERTY (ID, NAME, ID_PROP_TYPE, CODE)
VALUES (18, 'Процент комиссии', 4, 'commissionPercentage')
ON CONFLICT (ID) DO NOTHING;

INSERT INTO LOV_PGE_PROPERTY (ID, NAME, ID_PROP_TYPE, CODE)
VALUES (19, 'Валюта (Фикс)', 13, 'fixCurrency')
ON CONFLICT (ID) DO NOTHING;

INSERT INTO LOV_PGE_PROPERTY (ID, NAME, ID_PROP_TYPE, CODE)
VALUES (20, 'Сумма минимальной гарантии', 4, 'minGuaranteeAmount')
ON CONFLICT (ID) DO NOTHING;

INSERT INTO LOV_PGE_PROPERTY (ID, NAME, ID_PROP_TYPE, CODE)
VALUES (21, 'Валюта (МГ)', 13, 'minGuaranteeCurrency')
ON CONFLICT (ID) DO NOTHING;

INSERT INTO LOV_PGE_PROPERTY (ID, NAME, ID_PROP_TYPE, CODE)
VALUES (22, 'Процент роялти', 4, 'royaltyPercentage')
ON CONFLICT (ID) DO NOTHING;

INSERT INTO LOV_PGE_PROPERTY (ID, NAME, ID_PROP_TYPE, CODE)
VALUES (23, 'База начисления роялти', 2, 'royaltyBase')
ON CONFLICT (ID) DO NOTHING;

INSERT INTO LOV_PGE_PROPERTY (ID, NAME, ID_PROP_TYPE, CODE)
VALUES (24, 'Периодичность отчета об использовании', 14, 'usageReportFrequency')
ON CONFLICT (ID) DO NOTHING;

INSERT INTO LOV_PGE_PROPERTY (ID, NAME, ID_PROP_TYPE, CODE)
VALUES (25, 'Валюта отчётов', 13, 'reportCurrency')
ON CONFLICT (ID) DO NOTHING;

INSERT INTO LOV_PGE_PROPERTY (ID, NAME, ID_PROP_TYPE, CODE)
VALUES (26, 'Особые условия', 2, 'specialConditions')
ON CONFLICT (ID) DO NOTHING;

INSERT INTO LOV_PGE_PROPERTY (ID, NAME, ID_PROP_TYPE, CODE)
VALUES (27, 'Возрастной маркер', 15, 'ageMarker')
ON CONFLICT (ID) DO NOTHING;

INSERT INTO LOV_PGE_PROPERTY (ID, NAME, ID_PROP_TYPE, CODE)
VALUES (28, 'УНФ', 2, 'nationalFilmCert')
ON CONFLICT (ID) DO NOTHING;

INSERT INTO LOV_PGE_PROPERTY (ID, NAME, ID_PROP_TYPE, CODE)
VALUES (29, 'Номер прокатного удостоверения', 2, 'rentalCertNumber')
ON CONFLICT (ID) DO NOTHING;

INSERT INTO LOV_PGE_PROPERTY (ID, NAME, ID_PROP_TYPE, CODE)
VALUES (30, 'Владелец контента', 2, 'contentOwner')
ON CONFLICT (ID) DO NOTHING;

INSERT INTO LOV_PGE_PROPERTY (ID, NAME, ID_PROP_TYPE, CODE)
VALUES (31, 'Страны производства', 16, 'productionCountries')
ON CONFLICT (ID) DO NOTHING;

INSERT INTO LOV_PGE_PROPERTY (ID, NAME, ID_PROP_TYPE, CODE)
VALUES (32, 'Жанры', 17, 'genres')
ON CONFLICT (ID) DO NOTHING;

INSERT INTO LOV_PGE_PROPERTY (ID, NAME, ID_PROP_TYPE, CODE)
VALUES (33, 'Слоган', 2, 'slogan')
ON CONFLICT (ID) DO NOTHING;

INSERT INTO LOV_PGE_PROPERTY (ID, NAME, ID_PROP_TYPE, CODE)
VALUES (34, 'Режиссёр', 18, 'director')
ON CONFLICT (ID) DO NOTHING;

INSERT INTO LOV_PGE_PROPERTY (ID, NAME, ID_PROP_TYPE, CODE)
VALUES (35, 'Сценарист', 19, 'screenwriter')
ON CONFLICT (ID) DO NOTHING;

INSERT INTO LOV_PGE_PROPERTY (ID, NAME, ID_PROP_TYPE, CODE)
VALUES (36, 'Продюсер', 20, 'producer')
ON CONFLICT (ID) DO NOTHING;

INSERT INTO LOV_PGE_PROPERTY (ID, NAME, ID_PROP_TYPE, CODE)
VALUES (37, 'Актёр', 21, 'actor')
ON CONFLICT (ID) DO NOTHING;

INSERT INTO LOV_PGE_PROPERTY (ID, NAME, ID_PROP_TYPE, CODE)
VALUES (38, 'Студия производитель', 22, 'productionStudio')
ON CONFLICT (ID) DO NOTHING;

INSERT INTO LOV_PGE_PROPERTY (ID, NAME, ID_PROP_TYPE, CODE)
VALUES (39, 'ID Кинопоиска', 2, 'kinopoiskId')
ON CONFLICT (ID) DO NOTHING;

INSERT INTO LOV_PGE_PROPERTY (ID, NAME, ID_PROP_TYPE, CODE)
VALUES (40, 'Рейтинг Кинопоиска', 4, 'kinopoiskRate')
ON CONFLICT (ID) DO NOTHING;

INSERT INTO LOV_PGE_PROPERTY (ID, NAME, ID_PROP_TYPE, CODE)
VALUES (41, 'Премьера в России', 5, 'premiereInRussia')
ON CONFLICT (ID) DO NOTHING;

INSERT INTO LOV_PGE_PROPERTY (ID, NAME, ID_PROP_TYPE, CODE)
VALUES (42, 'Премьера в мире', 5, 'premiereInWorld')
ON CONFLICT (ID) DO NOTHING;

INSERT INTO LOV_PGE_PROPERTY (ID, NAME, ID_PROP_TYPE, CODE)
VALUES (43, 'Цифровой релиз', 5, 'digitalRelease')
ON CONFLICT (ID) DO NOTHING;

---------------------------------------------------------------------------------------------------
-- LOV_PGE_PROPERTY_GROUP
INSERT INTO LOV_PGE_PROPERTY_GROUP (ID, CODE, NAME, LAYER_SEL_QUERY, SVC_ID)
VALUES (1, 'PG_FIN_COND', 'Финансовые условия', $$select '{xxx}'$$, 1)
ON CONFLICT (ID) DO NOTHING;

INSERT INTO LOV_PGE_PROPERTY_GROUP (ID, CODE, NAME, LAYER_SEL_QUERY, SVC_ID)
VALUES (2, 'PG_RT_COND', 'Свойства способов использования ', 'with recursive rt as (
    select id, id_parent, array[id] as path
    from sync__klf_right_type
    where id = (select id_right_type from license_rights_rt where id = $1)

    union all

    select t.id, t.id_parent, r.path || t.id
    from sync__klf_right_type t
      join rt r on t.id = r.id_parent
    where t.id <> all(r.path)
)
select array_agg(id_right_type) from (
select distinct id as id_right_type from rt)', 1)
ON CONFLICT (ID) DO NOTHING;

INSERT INTO LOV_PGE_PROPERTY_GROUP (ID, CODE, NAME, LAYER_SEL_QUERY, SVC_ID)
VALUES (3, 'PG_OIP_VIDEO_PROP', 'Свойства видеоконтента', 'select array_agg(id_oip_super_type) from klf_oip where id = $1', 0)
ON CONFLICT (ID) DO NOTHING;


------------------------------------------------------------------------------
-- LOV_PGE_PG_LAYER
INSERT INTO LOV_PGE_PG_LAYER (ID, ID_PG, SEL_VALUE)
VALUES (10, 1, '{xxx}')
ON CONFLICT (ID) DO NOTHING;

INSERT INTO LOV_PGE_PG_LAYER (ID, ID_PG, SEL_VALUE)
VALUES (11, 2, '{1}')
ON CONFLICT (ID) DO NOTHING;

INSERT INTO LOV_PGE_PG_LAYER (ID, ID_PG, SEL_VALUE)
VALUES (12, 2, '{8}')
ON CONFLICT (ID) DO NOTHING;

INSERT INTO LOV_PGE_PG_LAYER (ID, ID_PG, SEL_VALUE)
VALUES (13, 2, '{24}')
ON CONFLICT (ID) DO NOTHING;

INSERT INTO LOV_PGE_PG_LAYER (ID, ID_PG, SEL_VALUE)
VALUES (14, 3, '{1}')
ON CONFLICT (ID) DO NOTHING;


-------------------------------------------------------------------------------
-- LOV_PGE_PGL_DTL

INSERT INTO LOV_PGE_PGL_DTL (ID, ID_PGL, ID_PROPERTY, PROPERTY_FORMAT, DEFAULT_VALUE, PG_ORDER)
VALUES (1, 11, 1, '^\{[0-9]+(,[0-9]+){0,}\}$',  '{}', 1)
ON CONFLICT (ID) DO NOTHING;

INSERT INTO LOV_PGE_PGL_DTL (ID, ID_PGL, ID_PROPERTY, PROPERTY_FORMAT, DEFAULT_VALUE, PG_ORDER)
VALUES (2, 11, 2, '^\{[0-9]+(,[0-9]+){0,}\}$',  '{}', 2)
ON CONFLICT (ID) DO NOTHING;

INSERT INTO LOV_PGE_PGL_DTL (ID, ID_PGL, ID_PROPERTY, PROPERTY_FORMAT, DEFAULT_VALUE, PG_ORDER)
VALUES (3, 11, 3, '^\{[0-9]+(,[0-9]+){0,}\}$',  '{}', 3)
ON CONFLICT (ID) DO NOTHING;

INSERT INTO LOV_PGE_PGL_DTL (ID, ID_PGL, ID_PROPERTY, PROPERTY_FORMAT, DEFAULT_VALUE, PG_ORDER)
VALUES (4, 11, 4, '^\d+(\.0+)?$',  '0', 4)
ON CONFLICT (ID) DO NOTHING;

INSERT INTO LOV_PGE_PGL_DTL (ID, ID_PGL, ID_PROPERTY, PROPERTY_FORMAT, DEFAULT_VALUE, PG_ORDER)
VALUES (5, 11, 5, '^\{[0-9]+(,[0-9]+){0,}\}$',  '{}', 5)
ON CONFLICT (ID) DO NOTHING;

-----------------
INSERT INTO LOV_PGE_PGL_DTL (ID, ID_PGL, ID_PROPERTY, PROPERTY_FORMAT, DEFAULT_VALUE, PG_ORDER)
VALUES (6, 12, 1, '^\{[0-9]+(,[0-9]+){0,}\}$',  '{}', 1)
ON CONFLICT (ID) DO NOTHING;

INSERT INTO LOV_PGE_PGL_DTL (ID, ID_PGL, ID_PROPERTY, PROPERTY_FORMAT, DEFAULT_VALUE, PG_ORDER)
VALUES (7, 12, 2, '^\{[0-9]+(,[0-9]+){0,}\}$',  '{}', 2)
ON CONFLICT (ID) DO NOTHING;

INSERT INTO LOV_PGE_PGL_DTL (ID, ID_PGL, ID_PROPERTY, PROPERTY_FORMAT, DEFAULT_VALUE, PG_ORDER)
VALUES (8, 12, 3, '^\{[0-9]+(,[0-9]+){0,}\}$',  '{}', 3)
ON CONFLICT (ID) DO NOTHING;

INSERT INTO LOV_PGE_PGL_DTL (ID, ID_PGL, ID_PROPERTY, PROPERTY_FORMAT, DEFAULT_VALUE, PG_ORDER)
VALUES (9, 12, 6, '^(да|нет|true|false)$',  'false', 4)
ON CONFLICT (ID) DO NOTHING;

INSERT INTO LOV_PGE_PGL_DTL (ID, ID_PGL, ID_PROPERTY, PROPERTY_FORMAT, DEFAULT_VALUE, PG_ORDER)
VALUES (10, 12, 7, '^\d+(\.0+)?$',  '0', 5)
ON CONFLICT (ID) DO NOTHING;

INSERT INTO LOV_PGE_PGL_DTL (ID, ID_PGL, ID_PROPERTY, PROPERTY_FORMAT, DEFAULT_VALUE, PG_ORDER)
VALUES (11, 12, 8, '^(да|нет|true|false)$',  'нет', 6)
ON CONFLICT (ID) DO NOTHING;

INSERT INTO LOV_PGE_PGL_DTL (ID, ID_PGL, ID_PROPERTY, PROPERTY_FORMAT, DEFAULT_VALUE, PG_ORDER)
VALUES (12, 12, 9, '^\d+(\.0+)?$',  '0', 7)
ON CONFLICT (ID) DO NOTHING;


-------------
INSERT INTO LOV_PGE_PGL_DTL (ID, ID_PGL, ID_PROPERTY, PROPERTY_FORMAT, DEFAULT_VALUE, PG_ORDER)
VALUES (13, 13, 10, '^\{[0-9]+(,[0-9]+){0,}\}$',  '{}', 1)
ON CONFLICT (ID) DO NOTHING;

INSERT INTO LOV_PGE_PGL_DTL (ID, ID_PGL, ID_PROPERTY, PROPERTY_FORMAT, DEFAULT_VALUE, PG_ORDER)
VALUES (14, 13, 11, '^(19|2[0-9]|30])\d{2}\-(0[1-9]|1[0-2])\-(0[1-9]|[12][0-9]|3[01])$', null, 2)
ON CONFLICT (ID) DO NOTHING;

INSERT INTO LOV_PGE_PGL_DTL (ID, ID_PGL, ID_PROPERTY, PROPERTY_FORMAT, DEFAULT_VALUE, PG_ORDER)
VALUES (15, 13, 12, '^(19|2[0-9]|30])\d{2}\-(0[1-9]|1[0-2])\-(0[1-9]|[12][0-9]|3[01])$', null, 3)
ON CONFLICT (ID) DO NOTHING;

INSERT INTO LOV_PGE_PGL_DTL (ID, ID_PGL, ID_PROPERTY, PROPERTY_FORMAT, DEFAULT_VALUE, PG_ORDER)
VALUES (16, 13, 13, '^(19|2[0-9]|30])\d{2}\-(0[1-9]|1[0-2])\-(0[1-9]|[12][0-9]|3[01])$', null, 4)
ON CONFLICT (ID) DO NOTHING;

INSERT INTO LOV_PGE_PGL_DTL (ID, ID_PGL, ID_PROPERTY, PROPERTY_FORMAT, DEFAULT_VALUE, PG_ORDER)
VALUES (17, 13, 14, '^[0-9]+$', '0', 5)
ON CONFLICT (ID) DO NOTHING;

INSERT INTO LOV_PGE_PGL_DTL (ID, ID_PGL, ID_PROPERTY, PROPERTY_FORMAT, DEFAULT_VALUE, PG_ORDER)
VALUES (18, 13, 15, '^\{[0-9]+(,[0-9]+){0,}\}$', '{}', 6)
ON CONFLICT (ID) DO NOTHING;

INSERT INTO LOV_PGE_PGL_DTL (ID, ID_PGL, ID_PROPERTY, PROPERTY_FORMAT, DEFAULT_VALUE, PG_ORDER)
VALUES (19, 13, 16, '^\{[0-9]+(,[0-9]+){0,}\}$', '{}', 7)
ON CONFLICT (ID) DO NOTHING;


------------------
INSERT INTO LOV_PGE_PGL_DTL (ID, ID_PGL, ID_PROPERTY, PROPERTY_FORMAT, DEFAULT_VALUE, PG_ORDER)
VALUES (20, 10, 17, '^[0-9]+\.[0-9]+$', '0.0', 1)
ON CONFLICT (ID) DO NOTHING;

INSERT INTO LOV_PGE_PGL_DTL (ID, ID_PGL, ID_PROPERTY, PROPERTY_FORMAT, DEFAULT_VALUE, PG_ORDER)
VALUES (21, 10, 18, '^[0-9]+\.[0-9]+$', '0.0', 2)
ON CONFLICT (ID) DO NOTHING;

INSERT INTO LOV_PGE_PGL_DTL (ID, ID_PGL, ID_PROPERTY, PROPERTY_FORMAT, DEFAULT_VALUE, PG_ORDER)
VALUES (22, 10, 19, '^\{[0-9]+(,[0-9]+){0,}\}$', '{}', 3)
ON CONFLICT (ID) DO NOTHING;

INSERT INTO LOV_PGE_PGL_DTL (ID, ID_PGL, ID_PROPERTY, PROPERTY_FORMAT, DEFAULT_VALUE, PG_ORDER)
VALUES (23, 10, 20, '^[0-9]+\.[0-9]+$', '0.0', 4)
ON CONFLICT (ID) DO NOTHING;

INSERT INTO LOV_PGE_PGL_DTL (ID, ID_PGL, ID_PROPERTY, PROPERTY_FORMAT, DEFAULT_VALUE, PG_ORDER)
VALUES (24, 10, 21, '^\{[0-9]+(,[0-9]+){0,}\}$', '{}', 5)
ON CONFLICT (ID) DO NOTHING;

INSERT INTO LOV_PGE_PGL_DTL (ID, ID_PGL, ID_PROPERTY, PROPERTY_FORMAT, DEFAULT_VALUE, PG_ORDER)
VALUES (25, 10, 22, '^[0-9]+\.[0-9]+$', '0.0', 6)
ON CONFLICT (ID) DO NOTHING;

INSERT INTO LOV_PGE_PGL_DTL (ID, ID_PGL, ID_PROPERTY, PROPERTY_FORMAT, DEFAULT_VALUE, PG_ORDER)
VALUES (26, 10, 23, null, null, 7)
ON CONFLICT (ID) DO NOTHING;

INSERT INTO LOV_PGE_PGL_DTL (ID, ID_PGL, ID_PROPERTY, PROPERTY_FORMAT, DEFAULT_VALUE, PG_ORDER)
VALUES (27, 10, 24, '^\{[0-9]+(,[0-9]+){0,}\}$', '{}', 8)
ON CONFLICT (ID) DO NOTHING;

INSERT INTO LOV_PGE_PGL_DTL (ID, ID_PGL, ID_PROPERTY, PROPERTY_FORMAT, DEFAULT_VALUE, PG_ORDER)
VALUES (28, 10, 25, '^\{[0-9]+(,[0-9]+){0,}\}$', '{}', 9)
ON CONFLICT (ID) DO NOTHING;

INSERT INTO LOV_PGE_PGL_DTL (ID, ID_PGL, ID_PROPERTY, PROPERTY_FORMAT, DEFAULT_VALUE, PG_ORDER)
VALUES (29, 10, 26, null, null, 10)
ON CONFLICT (ID) DO NOTHING;

-------------
INSERT INTO LOV_PGE_PGL_DTL (ID, ID_PGL, ID_PROPERTY, PROPERTY_FORMAT, DEFAULT_VALUE, PG_ORDER)
VALUES (30, 14, 27, '^[0-9]+$', null, 1)
ON CONFLICT (ID) DO NOTHING;

INSERT INTO LOV_PGE_PGL_DTL (ID, ID_PGL, ID_PROPERTY, PROPERTY_FORMAT, DEFAULT_VALUE, PG_ORDER)
VALUES (31, 14, 28, null, null, 2)
ON CONFLICT (ID) DO NOTHING;

INSERT INTO LOV_PGE_PGL_DTL (ID, ID_PGL, ID_PROPERTY, PROPERTY_FORMAT, DEFAULT_VALUE, PG_ORDER)
VALUES (32, 14, 29, null, null, 3)
ON CONFLICT (ID) DO NOTHING;

INSERT INTO LOV_PGE_PGL_DTL (ID, ID_PGL, ID_PROPERTY, PROPERTY_FORMAT, DEFAULT_VALUE, PG_ORDER)
VALUES (33, 14, 30, null, null, 4)
ON CONFLICT (ID) DO NOTHING;

INSERT INTO LOV_PGE_PGL_DTL (ID, ID_PGL, ID_PROPERTY, PROPERTY_FORMAT, DEFAULT_VALUE, PG_ORDER)
VALUES (34, 14, 31, '^\{[0-9]+(,[0-9]+){0,}\}$', '{}', 5)
ON CONFLICT (ID) DO NOTHING;

INSERT INTO LOV_PGE_PGL_DTL (ID, ID_PGL, ID_PROPERTY, PROPERTY_FORMAT, DEFAULT_VALUE, PG_ORDER)
VALUES (35, 14, 32, '^\{[0-9]+(,[0-9]+){0,}\}$', '{}', 6)
ON CONFLICT (ID) DO NOTHING;

INSERT INTO LOV_PGE_PGL_DTL (ID, ID_PGL, ID_PROPERTY, PROPERTY_FORMAT, DEFAULT_VALUE, PG_ORDER)
VALUES (36, 14, 33, null, null, 7)
ON CONFLICT (ID) DO NOTHING;

INSERT INTO LOV_PGE_PGL_DTL (ID, ID_PGL, ID_PROPERTY, PROPERTY_FORMAT, DEFAULT_VALUE, PG_ORDER)
VALUES (37, 14, 34, '^\{[0-9]+(,[0-9]+){0,}\}$', '{}', 8)
ON CONFLICT (ID) DO NOTHING;

INSERT INTO LOV_PGE_PGL_DTL (ID, ID_PGL, ID_PROPERTY, PROPERTY_FORMAT, DEFAULT_VALUE, PG_ORDER)
VALUES (38, 14, 35, '^\{[0-9]+(,[0-9]+){0,}\}$', '{}', 9)
ON CONFLICT (ID) DO NOTHING;

INSERT INTO LOV_PGE_PGL_DTL (ID, ID_PGL, ID_PROPERTY, PROPERTY_FORMAT, DEFAULT_VALUE, PG_ORDER)
VALUES (39, 14, 36, '^\{[0-9]+(,[0-9]+){0,}\}$', '{}', 10)
ON CONFLICT (ID) DO NOTHING;

INSERT INTO LOV_PGE_PGL_DTL (ID, ID_PGL, ID_PROPERTY, PROPERTY_FORMAT, DEFAULT_VALUE, PG_ORDER)
VALUES (40, 14, 37, '^\{[0-9]+(,[0-9]+){0,}\}$', '{}', 11)
ON CONFLICT (ID) DO NOTHING;

INSERT INTO LOV_PGE_PGL_DTL (ID, ID_PGL, ID_PROPERTY, PROPERTY_FORMAT, DEFAULT_VALUE, PG_ORDER)
VALUES (41, 14, 38, '^\{[0-9]+(,[0-9]+){0,}\}$', '{}', 12)
ON CONFLICT (ID) DO NOTHING;

INSERT INTO LOV_PGE_PGL_DTL (ID, ID_PGL, ID_PROPERTY, PROPERTY_FORMAT, DEFAULT_VALUE, PG_ORDER)
VALUES (42, 14, 39, null, null, 13)
ON CONFLICT (ID) DO NOTHING;

INSERT INTO LOV_PGE_PGL_DTL (ID, ID_PGL, ID_PROPERTY, PROPERTY_FORMAT, DEFAULT_VALUE, PG_ORDER)
VALUES (43, 14, 40, '^[0-9]+\.[0-9]+$', '0.0', 14)
ON CONFLICT (ID) DO NOTHING;

INSERT INTO LOV_PGE_PGL_DTL (ID, ID_PGL, ID_PROPERTY, PROPERTY_FORMAT, DEFAULT_VALUE, PG_ORDER)
VALUES (44, 14, 41, '^(19|2[0-9]|30])\d{2}\-(0[1-9]|1[0-2])\-(0[1-9]|[12][0-9]|3[01])$', null, 15)
ON CONFLICT (ID) DO NOTHING;

INSERT INTO LOV_PGE_PGL_DTL (ID, ID_PGL, ID_PROPERTY, PROPERTY_FORMAT, DEFAULT_VALUE, PG_ORDER)
VALUES (45, 14, 42, '^(19|2[0-9]|30])\d{2}\-(0[1-9]|1[0-2])\-(0[1-9]|[12][0-9]|3[01])$', null, 16)
ON CONFLICT (ID) DO NOTHING;

INSERT INTO LOV_PGE_PGL_DTL (ID, ID_PGL, ID_PROPERTY, PROPERTY_FORMAT, DEFAULT_VALUE, PG_ORDER)
VALUES (46, 14, 43, '^(19|2[0-9]|30])\d{2}\-(0[1-9]|1[0-2])\-(0[1-9]|[12][0-9]|3[01])$', null, 17)
ON CONFLICT (ID) DO NOTHING;


-- LOV_PROPERTY_GROUP_TO_OBJ
INSERT INTO LOV_PGE_PG_TO_OBJ (ID, ID_OBJ, CODE_PG)
VALUES (1, 2, 'PG_RT_COND')
ON CONFLICT (ID) DO NOTHING;

INSERT INTO LOV_PGE_PG_TO_OBJ (ID, ID_OBJ, CODE_PG)
VALUES (2, 2, 'PG_FIN_COND')
ON CONFLICT (ID) DO NOTHING;

INSERT INTO LOV_PGE_PG_TO_OBJ (ID, ID_OBJ, CODE_PG)
VALUES (3, 3, 'PG_OIP_VIDEO_PROP')
ON CONFLICT (ID) DO NOTHING;


